title,发布,提出人,发布内容,标签,图片,渠道&账号,发布完成
Building Developer Tools for Context Engineering: What Manus Taught Us and What We're Building,进入发布流程,马侨仪,,,,"medium,hashnode,DEV community",
Context Engineering for AI Agents: Key Lessons from Manus,进入发布流程,马侨仪,,,,"medium,hashnode,DEV community",
Two Approaches to Context Engineering: Manus vs. Context Space,进入发布流程,马侨仪,,,,"medium,hashnode,DEV community",
"The problem with AI agents isn’t the model, it’s missing context (and we built the fix)",进入发布流程,,ai-agent-fix.md,AI Tools,,medium,
Beyond Integrations: How to Build the Future of AI with Context Engineering,进入发布流程,,Beyond-Integrations.md,AI Tech,,medium,
Building Developer Tools for Context Engineering: What Manus Taught Us and What We're Building,进入发布流程,,building-tools.md,Developer Tools,,medium,
Context Engineering: The Missing Foundation Every AI Developer Needs,进入发布流程,,Context-Engineering-Foundation.md,AI Trend,,medium,
How Context Engineering Is Quietly Replacing Prompt Hacking,进入发布流程,,Context-Engineering-Replace-Prompt.md,AI Trend,,medium,
The Hidden Breakthrough Transforming AI Economics: Context Caching Revolution,进入发布流程,,Economics-Context-Caching.md,AI Tech,,medium,
Not Just Another Wrapper：The Engineering Behind Context Space,进入发布流程,,engineering-deep-dive.md,Engineering,,medium,
Forget prompt engineering. Context is the new compute,进入发布流程,,Forget-prompt-Context-new-compute.md,AI Trend,,medium,
Context Engineering for AI Agents: Key Lessons from Manus,进入发布流程,,manus-lessons.md,Context Engineering,,medium,
Two Approaches to Context Engineering: Manus vs Context Space,进入发布流程,,manus-vs-context-space.md,Context Engineering,,medium,
RAG Isn’t Enough. Context Engineering is how real AI gets built,进入发布流程,,RAG-Context-Engineering.md,AI Trend,,medium,
The Context Window Revolution Has Arrived: AI can finally remember everything,进入发布流程,,The-Context-Window.md,AI Trend,,medium,
The New Stack for AI Builders：Memory + Emotion + Context,进入发布流程,,The-New-Stack-AI-Builders.md,AI Tools,,medium,
"The Top 3 Approaches Powering the Future of AI Memory: Native Memory, Context Injection, and Fine-Tuning",进入发布流程,,Top-3-Approaches.md,AI Tools,,medium,
Top 10 Context Engineering Tools Powering Next-Gen AI,进入发布流程,,Top-10-Tools.md,AI Tools,,medium,
Beyond the Black Box: Why We Built Context Space as a Tool-First Infrastructure,进入发布流程,,why-tool-first.md,Context Engineering,,medium,
The 10 Best Context Engineering Open Source Projects in 2025,进入发布流程,,10-Open-Source-Projects.md,AI Tools,,hashnode,
"The problem with AI agents isn’t the model, it’s missing context (and we built the fix)",进入发布流程,,ai-agent-fix.md,AI Tools,,hashnode,
Beyond Integrations: How to Build the Future of AI with Context Engineering,进入发布流程,,Beyond-Integrations.md,AI Tech,,hashnode,
Context Engineering: The Missing Foundation Every AI Developer Needs,进入发布流程,,Context-Engineering-Foundation.md,AI Trend,,hashnode,
How Context Engineering Is Quietly Replacing Prompt Hacking,进入发布流程,,Context-Engineering-Replace-Prompt.md,AI Trend,,hashnode,
"Context is the New Engine: Why Smarter Systems Are Built on Understanding, Not Just Speed",进入发布流程,,Context-New-Engine.md,AI Trend,,hashnode,
The Hidden Breakthrough Transforming AI Economics: Context Caching Revolution,进入发布流程,,Economics-Context-Caching.md,AI Tech,,hashnode,
Not Just Another Wrapper：The Engineering Behind Context Space,进入发布流程,,engineering-deep-dive.md,Engineering,,hashnode,
Forget prompt engineering. Context is the new compute,进入发布流程,,Forget-prompt-Context-new-compute.md,AI Trend,,hashnode,
RAG Isn’t Enough. Context Engineering is how real AI gets built,进入发布流程,,RAG-Context-Engineering.md,AI Trend,,hashnode,
The Context Window Revolution Has Arrived: AI can finally remember everything,进入发布流程,,The-Context-Window.md,AI Trend,,hashnode,
The New Stack for AI Builders：Memory + Emotion + Context,进入发布流程,,The-New-Stack-AI-Builders.md,AI Tools,,hashnode,
"The Top 3 Approaches Powering the Future of AI Memory: Native Memory, Context Injection, and Fine-Tuning",进入发布流程,,Top-3-Approaches.md,AI Tools,,hashnode,
Top 10 Context Engineering Tools Powering Next-Gen AI,进入发布流程,,Top-10-Tools.md,AI Tools,,hashnode,
Beyond the Black Box: Why We Built Context Space as a Tool-First Infrastructure,进入发布流程,,why-tool-first.md,Context Engineering,,hashnode,
The 10 Best Context Engineering Open Source Projects in 2025,进入发布流程,,10-Open-Source-Projects.md,AI Tools,,DEV community,
Beyond Integrations: How to Build the Future of AI with Context Engineering,进入发布流程,,Beyond-Integrations.md,AI Tech,,DEV community,
Context Engineering: The Missing Foundation Every AI Developer Needs,进入发布流程,,Context-Engineering-Foundation.md,AI Trend,,DEV community,
How Context Engineering Is Quietly Replacing Prompt Hacking,进入发布流程,,Context-Engineering-Replace-Prompt.md,AI Trend,,DEV community,
The Hidden Breakthrough Transforming AI Economics: Context Caching Revolution,进入发布流程,,Economics-Context-Caching.md,AI Tech,,DEV community,
Not Just Another Wrapper：The Engineering Behind Context Space,进入发布流程,,engineering-deep-dive.md,Engineering,,DEV community,
Forget prompt engineering. Context is the new compute,进入发布流程,,Forget-prompt-Context-new-compute.md,AI Trend,,DEV community,
RAG Isn’t Enough. Context Engineering is how real AI gets built,进入发布流程,,RAG-Context-Engineering.md,AI Trend,,DEV community,
The Context Window Revolution Has Arrived: AI can finally remember everything,进入发布流程,,The-Context-Window.md,AI Trend,,DEV community,
The New Stack for AI Builders：Memory + Emotion + Context,进入发布流程,,The-New-Stack-AI-Builders.md,AI Tools,,DEV community,
"The Top 3 Approaches Powering the Future of AI Memory: Native Memory, Context Injection, and Fine-Tuning",进入发布流程,,Top-3-Approaches.md,AI Tools,,DEV community,
Top 10 Context Engineering Tools Powering Next-Gen AI,进入发布流程,,Top-10-Tools.md,AI Tools,,DEV community,
Beyond the Black Box: Why We Built Context Space as a Tool-First Infrastructure,进入发布流程,,why-tool-first.md,Context Engineering,,,
